<?xml version="1.0" encoding="UTF-8"?>
<project-private xmlns="http://www.netbeans.org/ns/project-private/1">
    <editor-bookmarks xmlns="http://www.netbeans.org/ns/editor-bookmarks/2" lastBookmarkId="0"/>
    <open-files xmlns="http://www.netbeans.org/ns/projectui-open-files/2">
        <group>
            <file>file:/F:/Java/project/Tic-Tac-Toe/tic_tac_toe/src/server.java</file>
            <file>file:/F:/Java/project/Tic-Tac-Toe/tic_tac_toe/src/ticTac/Connection/Session.java</file>
            <file>file:/F:/Java/project/Tic-Tac-Toe/tic_tac_toe/src/ticTac/RecordedGames.java</file>
            <file>file:/F:/Java/project/Tic-Tac-Toe/tic_tac_toe/src/ticTac/LeaderBoardController.java</file>
            <file>file:/F:/Java/project/Tic-Tac-Toe/tic_tac_toe/src/ticTac/SingleGameScreenController.java</file>
            <file>file:/F:/Java/project/Tic-Tac-Toe/tic_tac_toe/src/ticTac/SignUpController.java</file>
        </group>
    </open-files>
</project-private>
